<?xml version="1.0" encoding="UTF-8"?>
<Mystery>
  <Text type="title">
        <contents>When can they meet?</contents>
  </Text>
  <Text type="text">
        <contents>Ben, Amy, Carl and Donna all want to meet up for lunch one day in the holidays, but they have not been able to all meet on the same day.</contents>
  </Text>
  <Text type="text">
        <contents>Amy is free to meet on Mondays, Wednesdays and Thursdays.</contents>
  </Text>	
  <Text type="text">
        <contents>Carl has to go to work on Mondays and Thursdays.</contents>
  </Text>
  <Text type="text">
        <contents>Ben can’t make Tuesdays, Wednesdays or Saturdays.</contents>
  </Text>
  <Text type="text">
        <contents>Donna can be available on Mondays, Tuesdays and Fridays.</contents>
  </Text>
  <Text type="text">
        <contents>They all want to spend time at home on Sundays</contents>
  </Text>			
</Mystery>
