<?xml version="1.0" encoding="UTF-8"?>
<Mystery>
  <Text type="title">
        <contents>What should the Warden do?</contents>
  </Text>
  <Text type="text">
        <contents>The English and Scots often fought each other in battles such as Flodden.</contents>
  </Text>
  <Text type="text">
        <contents>Mary Fenwick was English.</contents>
  </Text>	
  <Text type="text">
        <contents>Edward Fenwick, Mary's father, was a very busy, hard working man. He had many sheep and cattle to look after. His stock had often been raided by other reiver families.</contents>
  </Text>
  <Text type="text">
        <contents>Most people who lived in the borders did not care about whether they were English or Scots. They cared more about looking after their own family and feuding with their enemies.</contents>
  </Text>
  <Text type="text">
        <contents>Archie Graham was Scottish.</contents>
  </Text>
  <Text type="text">
        <contents>Mary Fenwick was very attractive. She was very fond of her father.</contents>
  </Text>	
  <Text type="text">
        <contents>The laws of both England and Scotland banned cross - border marriages. They thought that people would get confused about which side they were on.</contents>
  </Text>
  <Text type="text">
        <contents>Edward Fenwick's other children had all died before they reached five years of age.</contents>
  </Text>
  <Text type="text">
        <contents>Mary's mother, Edward Fenwick's wife had died.</contents>
  </Text>
  <Text type="text">
        <contents>Archie Graham was a strong, healthy lad who would be useful as a soldier.</contents>
  </Text>	
  <Text type="text">
        <contents>Mary and Archie got married and had a baby.</contents>
  </Text>
  <Text type="text">
        <contents>Hangings were often seen as public entertainment.  Many people came to watch the gruesome sight.</contents>
  </Text>
  <Text type="text">
        <contents>Sometimes, permission for cross - border marriages was given by the English or Scottish wardens. But this did not often happen.</contents>
  </Text>	
  <Text type="text">
        <contents>The law was very strict and there were harsh punishments for those who broke it.</contents>
  </Text>
  <Text type="text">
        <contents>Both Graham and Fenwick families were large and powerful. They had many supporters on both sides of the border.</contents>
  </Text>
  <Text type="text">
        <contents>Mary and Archie fled to Scotland after the wedding.</contents>
  </Text>
  <Text type="text">
        <contents>The Graham family were notorious trouble-makers. They were involved in many raids and illegal activities.</contents>
  </Text>	
  <Text type="text">
        <contents>Being a Warden of the March brought many advantages - Wardens could become rich.</contents>
  </Text>			
</Mystery>
