<?xml version="1.0" encoding="UTF-8"?>
<Mystery>
  <Text type="title">
        <contents>How much will it cost for the owner to buy one monkey for every 10th person who goes on the Waltzer?</contents>
  </Text>
  <Text type="text">
        <contents>At the fair there is a Waltzer</contents>
  </Text>
  <Text type="text">
        <contents>To get people to go on it the owner offers a prize</contents>
  </Text>
  <Text type="text">
        <contents>Every 10th person to go on will be given a cuddly toy monkey</contents>
  </Text>	
  <Text type="text">
        <contents>It costs the owner 2 pound to buy one monkey </contents>
  </Text>
  <Text type="text">
        <contents>The monkeys look happy</contents>
  </Text>
  <Text type="text">
        <contents>3 people can sit together in a car</contents>
  </Text>
  <Text type="text">
        <contents>There are 15 cars altogether on the Waltzer</contents>
  </Text>	
  <Text type="text">
        <contents>You must be at least 10 years old to ride the Waltzer</contents>
  </Text>
  <Text type="text">
        <contents>There are 10 rides every hour.</contents>
  </Text>
  <Text type="text">
        <contents>The fair is open for 8 hours a day</contents>
  </Text>
  <Text type="text">
        <contents>All the spaces are taken for every ride all day</contents>
  </Text>			
</Mystery>
