<?xml version="1.0" encoding="UTF-8"?>
<Mystery>
  <Text type="title">
        <contents>In which room is the statue hidden?</contents>
  </Text>
  <Text type="text">
        <contents>Sneaky Sydney has stolen a special stone statue.</contents>
  </Text>
  <Text type="text">
        <contents>The room number the statue is in is not less than 25.</contents>
  </Text>	
  <Text type="text">
        <contents>The room number where the statue is hidden is not even.</contents>
  </Text>
  <Text type="text">
        <contents>He has hidden it in a bedroom in the Grand Hotel.</contents>
  </Text>
  <Text type="text">
        <contents>The Grand Hotel is next to the station.</contents>
  </Text>
  <Text type="text">
        <contents>The room number where Sydney has hidden the statue is not 25.</contents>
  </Text>	
  <Text type="text">
        <contents>The Grand Hotel is not as expensive as the Caesar Hotel across the street.</contents>
  </Text>
  <Text type="text">
        <contents>The room number does not contain the digit 3.</contents>
  </Text>
  <Text type="text">
        <contents>There are 100 rooms in the Grand Hotel.</contents>
  </Text>
  <Text type="text">
        <contents>The room number where it is hidden is a multiple of 5.</contents>
  </Text>	
  <Text type="text">
        <contents>The statue is in a room whose number is lower than 50.</contents>
  </Text>
  <Text type="text">
        <contents>The statue is small, heavy and very valuable.</contents>
  </Text>			
</Mystery>
