<?xml version="1.0" encoding="UTF-8"?>
<Mystery>
  <Text type="title">
        <contents>What house number does Andy live at?</contents>
  </Text>
  <Text type="text">
        <contents>Andy's house has a garage door which is painted green.</contents>
  </Text>
  <Text type="text">
        <contents>It can't be too hard, thinks Charlie, because Andy's street only has 29 houses and one post office.</contents>
  </Text>	
  <Text type="text">
        <contents>Charlie also remembers that Andy's house is on the side of the street with all the even numbers."</contents>
  </Text>
  <Text type="text">
        <contents>Charlie can remember some things. He knows his friend lives in a house which is a multiple of 3. </contents>
  </Text>
  <Text type="text">
        <contents>For as long as Andy has known him, Charlie could never remember what house number Andy lived at. </contents>
  </Text>
  <Text type="text">
        <contents>The house Charlie lives in has a big garden but no garage. </contents>
  </Text>
  <Text type="text">
        <contents>Charlie lives in a white house at number 2.</contents>
  </Text>
  <Text type="text">
        <contents>Charlie loves to go round to play games at Andy's house.</contents>
  </Text>
  <Text type="text">
        <contents>Charlie and Andy have never lived in the same street.</contents>
  </Text>
  <Text type="text">
        <contents>Charlie and Andy have always been friends.</contents>
  </Text>
  <Text type="text">
        <contents>Andy's house number is not a 2 digit number.</contents>
  </Text>
  <Text type="text">
        <contents>Andy's house number is less than 30.</contents>
  </Text>
</Mystery>
