<?xml version="1.0" encoding="UTF-8"?>
<Mystery>
  <Text type="title">
        <contents>What happened to Robert Dixon? Whose fault was it?</contents>
  </Text>
  <Text type="text">
        <contents>Mrs. Richardson, the mine owner's wife, wants an expensive house in the country because she says that it is too dirty living near the mine.</contents>
  </Text>
  <Text type="text">
        <contents>The coalmine is the only employment in the village.</contents>
  </Text>	
  <Text type="text">
        <contents>The mine supervisor, John Robson, was feeling ill that morning as a result of too much ale the night before and did not check the wheels on the carts like he sometimes did.</contents>
  </Text>
  <Text type="text">
        <contents>The mine inspectors had reported that there was not enough fresh air in the mine, but John Robson thought they were being too fussy and had not done anything about it.</contents>
  </Text>
  <Text type="text">
        <contents>At this time it was not against the law for 10 year-old boys to work underground.</contents>
  </Text>
  <Text type="text">
        <contents>Workers in the mine had to supply their own candles.</contents>
  </Text>	
  <Text type="text">
        <contents>Wages varied depending on the price of coal. If the price was low the miners had to dig more coal to keep the same wage and worked longer hours.</contents>
  </Text>
  <Text type="text">
        <contents>Robert Dixon is 10 years old. He works underground as a trapper. He opens the doors to let the coal trucks through. He has been working at the mine for two years.</contents>
  </Text>
  <Text type="text">
        <contents>Last year Robert's dad, William Dixon, died in an explosion at the pit. 53 men and boys were killed. A fund was set up for their families. Sir Charles Richardson, the mine owner, gave some money, but there was not much for each family.</contents>
  </Text>
  <Text type="text">
        <contents>Robert usually works from 6 am to 6 pm, but has recently had to work longer because his wages had gone down.</contents>
  </Text>	
  <Text type="text">
        <contents>The weather has been unusually hot this summer.</contents>
  </Text>
  <Text type="text">
        <contents>Robert gets up at 5 am. He has bread and tea for breakfast and then walks to the pit. He has a break at 11 am for bread and tea. When he gets home he has some more bread and cheese or meat, if the family can afford it, then goes to bed.</contents>
  </Text>
  <Text type="text">
        <contents>Ropes operated by a steam engine pull the coal trucks down the mine. Only one person is needed to pull a whole line of trucks. Until recently horses pulled the trucks.</contents>
  </Text>
  <Text type="text">
        <contents>Robert's mother, Anna Dixon, has been very ill after the birth of her ninth child. She has to stay in bed.</contents>
  </Text>	
  <Text type="text">
        <contents>Robert has six younger brothers and sisters. His older sister, Mary, works as a scullery maid for Sir Charles. His older brother William is a miner at the same pit as Robert.</contents>
  </Text>		
</Mystery>
