<?xml version="1.0" encoding="UTF-8"?>
<Mystery>
  <Text type="title">
        <contents>How much money should Dan give back to his little sister?</contents>
  </Text>
  <Text type="text">
        <contents>But this week Dan made the worst deal ever.</contents>
  </Text>
  <Text type="text">
        <contents>This week Dan told his sister that new money was better than crumpled old money. He swapped his new twenty-pound note for her old fifty-pound note.</contents>
  </Text>	
  <Text type="text">
        <contents>On the third week, Dan tried something different. He told Emma that green notes were better than pale orange notes. So she gave him a ten-pound note for his five-pound note!</contents>
  </Text>
  <Text type="text">
        <contents>The second week, Dan told Emma that cute little coins were better than big heavy coins. So he traded his one-pound coin for her two-pound coin.</contents>
  </Text>
  <Text type="text">
        <contents>His friends said: "Dan, you pay Emma back or we'll tell your parents about your mean little deals!”</contents>
  </Text>
  <Text type="text">
        <contents>The first week, Dan swapped his 2 fifty-pence pieces for her two-pound coin. He told her that it was a good deal because 2 is more than 1!</contents>
  </Text>	
  <Text type="text">
        <contents>Emma doesn't know much about money, so he has been making deals with her every week for a month.</contents>
  </Text>
  <Text type="text">
        <contents>His friends asked him where he got all the cash. "From Emma, my silly little sister,” Dan bragged.</contents>
  </Text>
  <Text type="text">
        <contents>Dan told his friends to order the 2 biggest ice-cream cones on the menu, and he would pay for them.</contents>
  </Text>
  <Text type="text">
        <contents>In the local sweet shop Dan was bragging to his friends.</contents>
  </Text>				
</Mystery>
