<?xml version="1.0" encoding="UTF-8"?>
<Mystery>
  <Text type="title">
        <contents>Which Troublesome Triplet is the thief?</contents>
  </Text>
  <Text type="text">
        <contents>This morning at 10 am, one Troublesome Triplet that had no money stole £40 from the bank.</contents>
  </Text>
  <Text type="text">
        <contents>The Triplets, Tina, Tia, and Tania, look so much alike, the person in the bank couldn't tell which one took the money.</contents>
  </Text>	
  <Text type="text">
        <contents>The person in the bank wanted to be sure he didn't accuse the wrong triplet of stealing, so he alerted shopkeepers across town to let him know when one of the sisters bought anything.</contents>
  </Text>
  <Text type="text">
        <contents>When they woke up the Triplets counted their savings. One triplet had no money, one had saved up £30, and another triplet had saved up £19.</contents>
  </Text>
  <Text type="text">
        <contents>Right away, the phone was ringing like mad. Gemma from the game shop said one of those Triplets was just in her shop. She bought a computer game worth £20 at half price during their sale.</contents>
  </Text>
  <Text type="text">
        <contents>The second call was from Tom, the owner of the toy shop. Tom reported that one of the Triplets had bought 2 toys at £5 each.</contents>
  </Text>	
  <Text type="text">
        <contents>The next call was from Carla at the candy shop. One of the Triplets had just paid £3 for some sweets.</contents>
  </Text>
  <Text type="text">
        <contents>After Carla, Susan called from the swimming pool. Two of the Triplets just left the swimming pool. They paid £7 each. They've been swimming since 9 o'clock that morning.</contents>
  </Text>
  <Text type="text">
        <contents>At noon, Kate called from the café. The Triplets just sat down for lunch.</contents>
  </Text>
  <Text type="text">
        <contents>The person from the bank came to the café with a policeman and asked the Triplets to empty the contents of their pockets onto the table.</contents>
  </Text>	
  <Text type="text">
        <contents>In the café Tina took £23 out of her pocket.</contents>
  </Text>
  <Text type="text">
        <contents>In the café Tia took £17 out of her pocket.</contents>
  </Text>	
  <Text type="text">
        <contents>In the café Tania took £12 out of her pocket.</contents>
  </Text>			
</Mystery>
