<?xml version="1.0" encoding="UTF-8"?>
<Mystery>
  <Text type="title">
        <contents>Why did 16 people die in the Great Fire of London?</contents>
  </Text>
  <Text type="text">
        <contents>About 13,200 houses, nearly 90 parish churches, and nearly 50 livery company halls were burnt down.</contents>
  </Text>
  <Text type="text">
        <contents>The strong easterly wind kept the fire burning.</contents>
  </Text>	
  <Text type="text">
        <contents>The fire began at night when everybody was asleep.</contents>
  </Text>
  <Text type="text">
        <contents>Houses were pulled down to stop the fire spreading, but wood and rubbish were left lying in the street.</contents>
  </Text>
  <Text type="text">
        <contents>The buckets were made of wood and leather.</contents>
  </Text>
  <Text type="text">
        <contents>The fire started in Pudding Lane.</contents>
  </Text>	
  <Text type="text">
        <contents>Sparks from the Baker's burning house fell on hay and straw at the Star Inn.</contents>
  </Text>
  <Text type="text">
        <contents>The Baker lived in Pudding Lane.</contents>
  </Text>
  <Text type="text">
        <contents>Riverfront warehouses were bursting full of oil, tallow and other combustible goods.</contents>
  </Text>
  <Text type="text">
        <contents>The Baker forgot to turn off his oven.</contents>
  </Text>	
  <Text type="text">
        <contents>The fire destroyed about four-fifths of the city, or more than 430 acres.</contents>
  </Text>
  <Text type="text">
        <contents>The buildings caught fire very easily.</contents>
  </Text>	
  <Text type="text">
        <contents>On Wednesday night the wind hushed and the fire burned gently.</contents>
  </Text>
  <Text type="text">
        <contents>Lots of people spent time saving their things instead of trying to stop the fire spreading.</contents>
  </Text>
  <Text type="text">
        <contents>Hundreds of rats lived in Pudding Lane.</contents>
  </Text>
  <Text type="text">
        <contents>The people tried to put the fire out with buckets of water.</contents>
  </Text>
  <Text type="text">
        <contents>Most of the houses and buildings were made of wood and many had thatched roofs.</contents>
  </Text>
  <Text type="text">
        <contents>The Baker's maid was the first victim of the Great Fire.</contents>
  </Text>
  <Text type="text">
        <contents>The Baker said that he thought he had put out his oven, but embers from the fire set light to nearby firewood.</contents>
  </Text>
  <Text type="text">
        <contents>Thomas Farrinor was Baker to King Charles II</contents>
  </Text>		
</Mystery>
