<?xml version="1.0" encoding="UTF-8"?>
<Mystery>
  <Text type="title">
        <contents>Can you sort these clues out so all of the children are happy and work out who is going to the best partner for Steve's partner in the three-legged race? </contents>
  </Text>
  <Text type="text">
        <contents>I've hurt my hand,” said Joe, "I can't go in the egg and spoon race now!</contents>
  </Text>
  <Text type="text">
        <contents>"Why am I in the sprint?” Asked Ollie, "My hand is steady as a rock!”</contents>
  </Text>	
  <Text type="text">
        <contents>"What is a skipping race anyway?” Wailed Pete; "I'm the fastest runner in the class!”</contents>
  </Text>
  <Text type="text">
        <contents>"The sack race is just stupid,” Bella complained. "The bags feel awful.”</contents>
  </Text>
  <Text type="text">
        <contents>Maddy was sad when the teacher said she had been picked for the three-legged race. She thought she was good at jumping.</contents>
  </Text>
</Mystery>
