<?xml version="1.0" encoding="UTF-8"?>
<Mystery>
  <Text type="title">
        <contents>If Judith puts all of her shopping in one bag will it be strong enough?</contents>
  </Text>
  <Text type="text">
        <contents>Judith has a small brown cat that she likes to play with.</contents>
  </Text>
  <Text type="text">
        <contents>The cat is called Candy.</contents>
  </Text>	
  <Text type="text">
        <contents>One day, just before it started to rain, Judith goes to Pete’s Pet shop to buy some cat food.</contents>
  </Text>
  <Text type="text">
        <contents>On the way to Pete’s Pet shop Judith passed Bob’s bakery and a train station.</contents>
  </Text>
  <Text type="text">
        <contents>When she got to Pete’s Pet shop there was a long queue at the checkout.</contents>
  </Text>
  <Text type="text">
        <contents>Judith buys 2 packs of chunky rabbit cat food.</contents>
  </Text>	
  <Text type="text">
        <contents>There is a special offer this week, dog food tins are 500g for the price of 250g.</contents>
  </Text>
  <Text type="text">
        <contents>A pack of cat food costs 5 pounds.</contents>
  </Text>
  <Text type="text">
        <contents>Each pack of cat food has 4 tins.</contents>
  </Text>
  <Text type="text">
        <contents>The tins in the pack are very heavy. Each tin of cat food weighs 250g.</contents>
  </Text>	
  <Text type="text">
        <contents>Finally, Judith gets to the front of the queue and pays with the money her mum gave her.</contents>
  </Text>
  <Text type="text">
        <contents>The shop has very thin plastic carrier bags.</contents>
  </Text>	
  <Text type="text">
        <contents>Each carrier bag can hold 1 kg.</contents>
  </Text>
  <Text type="text">
        <contents>She remembers that there are 1000 grams in a kilogramme.</contents>
  </Text>
</Mystery>
