<?xml version="1.0" encoding="UTF-8"?>
<Mystery>
  <Text type="title">
        <contents>Does Nathan miss the bus for the school trip?</contents>
  </Text>
  <Text type="text">
        <contents>Nathan sets off walking to school at 8:20 am.</contents>
  </Text>
  <Text type="text">
        <contents>It takes 15 minutes to walk to the park from Nathan's home.</contents>
  </Text>	
  <Text type="text">
        <contents>Running is twice as fast as walking.</contents>
  </Text>
  <Text type="text">
        <contents>The bus leaves the school at 9:20 am.</contents>
  </Text>
  <Text type="text">
        <contents>The shops next to the park are busy with people buying newspapers and children getting sweets.</contents>
  </Text>
  <Text type="text">
        <contents>Nathan runs back home to get his packed lunch and runs all the way back to the park.</contents>
  </Text>	
  <Text type="text">
        <contents>When Nathan gets to the park he realizes he has left his packed lunch behind.</contents>
  </Text>
  <Text type="text">
        <contents>It takes 15 minutes to walk from the end of the park to school.</contents>
  </Text>
  <Text type="text">
        <contents>It takes 10 minutes to walk across park or 15 minutes to walk round it. His mother doesn't like him going through the park. He takes a minute to decide what to do.</contents>
  </Text>
  <Text type="text">
        <contents>Nathan is a good boy and always does what his mother tells him.</contents>
  </Text>	
  <Text type="text">
        <contents>On the other side of the park Nathan has to wait 4 minutes for the traffic lights to change so he can cross the road safely.</contents>
  </Text>
  <Text type="text">
        <contents>Nathan was really looking forward to this school trip.</contents>
  </Text>			
</Mystery>
