<?xml version="1.0" encoding="UTF-8"?>
<Mystery>
  <Text type="title">
        <contents>How much will it cost the Waltzer owner for enough cuddly monkeys for a day?</contents>
  </Text>
  <Text type="text">
        <contents>There are 5 rides every hour.</contents>
  </Text>
  <Text type="text">
        <contents>The owner decides that every 10th person will be given a cuddly toy monkey.</contents>
  </Text>	
  <Text type="text">
        <contents>To get people to go on the Waltzer the owner offers a free prize.</contents>
  </Text>
  <Text type="text">
        <contents>The fair is open for 6 hours a day.</contents>
  </Text>
  <Text type="text">
        <contents>The music on the Waltzer is played very loud all day.</contents>
  </Text>
  <Text type="text">
        <contents>At the fair there is a Waltzer.</contents>
  </Text>	
  <Text type="text">
        <contents>The monkeys look very happy.</contents>
  </Text>
  <Text type="text">
        <contents>There are 5 cars altogether on the Waltzer.</contents>
  </Text>
  <Text type="text">
        <contents>Two people can sit together in a car on the Waltzer.</contents>
  </Text>
  <Text type="text">
        <contents>It costs the owner £3 for one monkey.</contents>
  </Text>	
  <Text type="text">
        <contents>You must be at least 9 years old to ride the Waltzer.</contents>
  </Text>		
</Mystery>
