<?xml version="1.0" encoding="UTF-8"?>
<Mystery>
  <Text type="title">
        <contents>At which house number is Mike hiding?</contents>
  </Text>
  <Text type="text">
        <contents>The world-famous forger, Mike Sunny, is spending phony money all over town!</contents>
  </Text>
  <Text type="text">
        <contents>Mike visits towns and leaves his false notes as he shops.</contents>
  </Text>	
  <Text type="text">
        <contents>During his shopping sprees, Mike becomes confused, and sometimes lost.</contents>
  </Text>
  <Text type="text">
        <contents>To help him keep track of where he’s going, Mike follows a certain pattern.</contents>
  </Text>
  <Text type="text">
        <contents>The pattern is formed by the street numbers of the places Mike visits. The trick is to figure out the pattern and stop him in his tracks!</contents>
  </Text>
  <Text type="text">
        <contents>The mysterious money trail began this morning, when Ben called from his Bike Shop on number 64. Someone paid with a funny twenty-pound note!</contents>
  </Text>	
  <Text type="text">
        <contents>The second call reporting funny money was from the Tip-Top Hat Shop on number 49. A man was just there who bought a blue hat. The shopkeeper looked carefully at the money and realized it was fake!</contents>
  </Text>
  <Text type="text">
        <contents>After he bought the hat, Mike visited the Short Step Shoe Store on number 36. He bought a pair of grey shoes with his counterfeit cash.</contents>
  </Text>
  <Text type="text">
        <contents>After his shopping spree Mike was hungry. He went to Speedy Gonzales Fish and Chips Shop on number 25.</contents>
  </Text>
  <Text type="text">
        <contents>After dinner Mike went to hide in one of the houses.</contents>
  </Text>				
</Mystery>
