<?xml version="1.0" encoding="UTF-8"?>
<Mystery>
  <Text type="title">
        <contents>Can you find out the final position of each swimmer in the swimming race?</contents>
  </Text>
  <Text type="text">
        <contents>Alice crossed the finishing line immediately after Austin</contents>
  </Text>
  <Text type="text">
        <contents>Aaron finished right between Allen and Abby</contents>
  </Text>	
  <Text type="text">
        <contents>Adam won the race</contents>
  </Text>
  <Text type="text">
        <contents>Aaron came in right after the boy who finished second</contents>
  </Text>
  <Text type="text">
        <contents>Austin saw four people finish before him</contents>
  </Text>
  <Text type="text">
        <contents>Allen did not finish fourth</contents>
  </Text>				
</Mystery>
