<?xml version="1.0" encoding="UTF-8"?>
<Mystery>
  <Text type="title">
        <contents>Can you work out what Mike should have to eat?</contents>
  </Text>
  <Text type="text">
        <contents>The new cook at school, Mrs Baker, has mixed up the trays with the children’s school dinners on.</contents>
  </Text>
  <Text type="text">
        <contents>"YUCK!" cried Ruby, making a face at the slice of pizza in front of her. "I can't stand pepperoni!""</contents>
  </Text>  
  <Text type="text">
        <contents>"Don't look at me," moaned Jack. "I hate any food with cheese on it." At that, he pushed away his cheeseburger.</contents>
  </Text>  
  <Text type="text">
        <contents>"Hey, anybody want these chicken wings?" asked Grace. "I don't like anything with meat in it."</contents>
  </Text>  
  <Text type="text">
        <contents>Mike scooped up a spoonful of his yogurt and grumbled, "Everybody knows I'm allergic to this stuff."</contents>
  </Text>  
  <Text type="text">
        <contents>"Well, yogurt is the only thing I like on the menu," replied Tanya. "And there's no way I'm going to eat THIS!" At that, she poked her salad with a fork.</contents>
  </Text>			
</Mystery>
